StressedSentence;Style;Decade;UnknownWords;HeteronymsWords;Done;do not know;
Ду+же зно+ситиме поро+на вниз...;ACA;1910.0;;;TRUE;;
- Авже+ж!;ACA;1900.0;;;TRUE;;
"Руса+лки ці+лий рік живу+ть у воді+, вихо+дять з води+ на зе+млю весно+ю, в чи+стий четве+р і гуля+ють на землі+ до о+сені; ті+льки найбі+льше їх бува+є на землі+ від чи+стого четверга+ до Петра+.";ACA;1870.0;;ви+хо+дять, во+ди+, зе+млі+, зе+млі+;TRUE;;
З восьми+ часо+писів украї+нською мо+вою, що вихо+дили в А+встрії, в 1848 - 50 рр., шість було+ урядо+вих.;ACA;1930.0;;ви+хо+дили;TRUE;;
Соро+чка дружи+ни Павла+ Полубо+тка (ве+рхня ліво+руч) з домотка+нного полотна+ та ви+шита шо+вком.;ACA;1920.0;домотканного;Па+вла+, Полу+бо+тка, поло+тна+;TRUE;;
Апо+строф (') в альфабе+т не вхо+дить, о+тже на розмі+щення слів у словнико+ві не вплива+є, напр., зя+вище і з'я+вище стоя+тимуть по+руч, ні+би як гомо+німи.;ACA;1920.0;альфабет, зявище, гомоніми;Апо+стро+ф;TRUE;;альфабет за горохом
ІСТОРИ+ЧНИЙ НА+РИС;ACA;1930.0;;;TRUE;;
При уклада+нні право+пису провідни+ми настано+вами були+ такі+:;ACA;1940.0;;про+відни+ми;TRUE;;
Степа+н Пото+цький зайшо+в дале+ко в степ і ота+борився на рі+чці Жо+вті Во+ди, що влива+ється у Інгуле+ць (рі+чка ся тепе+р зве+ться Жо+вта, і тече+ у Верхнедніпро+вському пові+ті в Катериносла+вщині).;ACA;1900.0;Верхнедніпровському;Во+ди+, те+че+, по+ві+ті;TRUE;;
"Гедими+н сам писа+вся: ""Коро+ль Лито+вський і Ру+ський"".";ACA;1900.0;Гедимин;;TRUE;;
Так зло+жене трі+о зі скри+пки, басо+лі й бу+бну ма+є в наро+ді спеціа+льну на+зву «музи+ка трої+ста» й обслуго+вує та+нці на свя+та+х і ніко+ли не задає+ться на викона+ння чи+стої му+зики для слу+хання.;ACA;1930.0;;скри+пки+, на+ро+ді, на+зву+, му+зи+ка, та+нці+, свя+та+х, ні+ко+ли, ви+кона+ння, чи+сто+ї, му+зи+ки;TRUE;;
Правди+вим і науко+вим шля+хо+м в сій спра+ві пішо+в ще в 40-х рока+х XIX. ві+ку проф.;ACA;1920.0;;шля+хо+м, ро+ка+х;TRUE;;
Яки+й він був гум!;ACA;1920.0;;;TRUE;;
Розумі+ється само+ собо+ю, що я, забира+ючи в правопи+сній диску+сії сло+во, уважа+ю свої+м святи+м обо+вязком, обо+вязком сто+рожа чистоти+ і пито+мих прикме+т украї+нської мо+ви, як найбі+льше дба+ти про таку+ її+ рі+дну оде+жу, це+бто право+пис, яка+ була+б як найкра+щим ви+разом тих пито+мих її+ прикме+т, немо+в сама+ з них вироста+ла і на+шу рі+дну мо+ву як найкра+ше вбира+ла.;ACA;1920.0;обовязком, обовязком, її, булаб, її, найкраше;са+мо+, сво+ї+м, свя+ти+м, сто+ро+жа, та+ку+, я+ка+, са+ма+;TRUE;;
Зате+ на Украї+ні бага+то і+нших поро+д ка+меню, особли+во на Воли+ні, - га+рного роже+вого ши+феру, порі+вняно нетвердо+го ка+меню, зру+чного для рі+зьблення, й найстарі+ші кам'яні+ украї+нські скульпту+ри рі+зьблені з ши+феру.;ACA;1930.0;пород;Во+ли+ні;TRUE;;
Ось ці новотво+ри - украї+нські «відпові+дники»:;ACA;1930.0;;;TRUE;;
Але+ за+ходи ці не ма+ли нія+кого пла+нового хара+ктеру, вихо+дячи лише+ з індивідуа+льних інтере+сів окре+мих осі+б.;ACA;1920.0;;за+ходи+;TRUE;;
Тогди+ ті+лько одушевимо+ сло+во наро+да єго+ вла+сною ми+слею, коли+ відкри+ємо ту+ю то+чку зрі+нія, з кото+рой мо+жна бу+де ви+діти осо+бенність наро+дної слове+сності.;ACA;1840.0;Тогди, народа, єго, мислею, зрінія, которой, особенність;ко+ли+, то+чку+;TRUE;;
Запе+вне, для то+го, що се+рбове, відді+лені від сі+верної слове+нщини чужи+ми племена+ми, зверну+ли о+чі в і+ншу сто+рону, на юг, і свої+м стро+єм образова+ли пое+зію.;ACA;1840.0;сербове, словенщини, образовали;то+го+, сво+ї+м;TRUE;;
І так Головна+ Украї+нська Ра+да, зло+жена з представникі+в усі+х украї+нських па+ртій Галичини+, оголоси+ла вже з поча+тком мобіліза+ції маніфе+ст, яки+м закли+ка+ла украї+нський на+рід ста+нути льоя+льно по стороні+ А+встро-Уго+рщини і Німе+ччини до боротьби+ з Росі+єю за ви+зво+лення Украї+ни.;ACA;1930.0;льояльно, Австро;закли+ка+ла, ви+зво+лення;TRUE;;закликАлА
У За+хідній Євро+пі доба+ рома+нського сти+лю назива+ється добо+ю феодалі+зму.;ACA;1930.0;;За+хі+дній;TRUE;;
"- Не сам я уста+в, мене+ збу+джено; і збуди+ла кра+сна діви+ця.";ACA;1930.0;;;TRUE;;
"Він для рату+нку свого+ неприє+днаного стано+вища приду+мав таке+, що ні+бито на тій конфере+нції ""ви+йшло так, що за+хідні Украї+нці (на+дто Галича+ни) здобули+ на конфере+нції непропорціона+льно вели+ку си+лу"".";ACA;1920.0;ратунку;за+хі+дні, ве+ли+ку;TRUE;;
Пра+вда, він дале+ко не дорі+внював ні до матеріа+льних за+собів, яки+ми Остро+зький розпоряджа+в, ні до вимо+г і потре+б суча+сного суспі+льства.;ACA;1930.0;;;TRUE;;
Але+ на письмі+ звича+йно не дозволя+ється їх плу+тати.;ACA;1940.0;;;TRUE;;
Молоді+ шви+дко повінча+лися, і життя+ їх поплило+ спокі+йним звича+йним пото+ком.;ACA;1880.0;;Мо+ло+ді+;TRUE;;
"На йо+го ви+води відповіда+в Ру+тський, дово+див, що у+нія з'яви+лася на+слідком за+ходів сами+х правосла+вних (згада+в при тім прихи+льність до се+ї іде+ї кн. Костянти+на Остро+зького); по+тім поча+в тол кува+ти, що не правосла+вні від уніа+тів, а уніа+ти від правосла+вних те+рплять рі+зні наси+льства і переслі+дування: згада+в уби+вство Кунце+вича, атента+т на По+тія, уто+плення Грековича, схо+плених і уто+плених чотирьо+х ченці+в св. Софі+ї в Ки+єві, уби+вство протопо+па в Ша+ргороді під час Хоти+нської війни+ і яко+гось ченця+ в Пере+мишлі.";ACA;1900.0;Рутський, сеї, атентат, Грековича;са+ми+х, рі+зні+, Со+фі+ї, ві+йни+;TRUE;Грековича;
Три пері+оди: ренеса+нс, баро+кко і рококо+ - на Украї+ні відповіда+ють трьом пері+одам ро+зво+ю коза+ччини, і тому+ істо+рики Украї+ни ча+сто цих три пері+оди зво+дять до одного+ - доби+ коза+ччини.;ACA;1930.0;барокко;ро+зво+ю, то+му+, одно+го+, до+би+;TRUE;;
Узагалі+, здрібні+ла фо+рма хре+сних іме+н, така+ стара+ (з ХІ. ст.) і така+ ціка+ва для на+шої онома+стики, лягла+ куди+ бі+льше в осно+ву прі+звищ, ніж по+вна, а то ще й у церковнослов'я+нськім о+дягу імена+.;ACA;1940.0;;та+ка+, та+ка+, о+дя+гу;TRUE;;
Похо+дять вони+ з XII або+ XIII в. та представля+ють рі+зні сце+ни, що їх скоморо+хи відіграва+ли пе+ред кня+зями й боя+рами.;ACA;1930.0;;во+ни+, рі+зні+, пе+ре+д;TRUE;;
На півні+чнім теа+трі війни+ та+ко+ж виступа+є в тих рока+х коза+ччина: в кампа+нії 1579 ро+ку під По+лоцьком були+ «козаки+ низові+», очеви+дно, нереєстр+ові під про+водом Матві+я Самова+того і Микола+я.;ACA;1900.0;Самоватого;ві+йни+, та+ко+ж, ро+ка+х, ни+зові+, про+во+дом;TRUE;;
"В у+строї Ки+ївської держа+ви злучи+лись при+нципи да+внього народопра+вства з нови+м князі+всько-дружи+нним поря+дком, що ви+ник уна+слідок реорганіза+ції приміти+вної держа+ви в норма+льну; Ки+ївська держа+вна систе+ма базува+лася на складно+му о+ргані держа+вної вла+ди, яку+ репрезентува+ли ві+че, князь та кня+жа ра+да.";ACA;1930.0;князівсько;де+ржа+ви, де+ржа+ви, скла+дно+му, о+рга+ні, я+ку+, кня+жа+;TRUE;;
Перекартко+вуючи ще раз, при писа+нні се+ї кни+жки, пра+ці на+ших давні+ших дослі+дників, се+ред котри+х ми ма+ли сті+льки глибо+ких і тонки+х умі+в, я мав наго+ду бага+то разі+в з приє+мністю спиня+тись на їх помі+ченнях і гадка+х, які+ влу+чно вга+дували те, що з по+вною чи бода+й значно+ю я+сністю вирисо+вується аж тепе+р, в сві+тлі порі+вняно-літерату+рних, культу+рних і соціологі+чних до+слідів.;ACA;1920.0;Перекартковуючи, сеї, поміченнях;кни+жки+;TRUE;;
І тепе+р пе+вно ніхто+ щирі+ше собі+ тако+ї зго+ди не бажа+є, як я.;ACA;1920.0;;зго+ди+;TRUE;;
Біжа+ть до мене+ з аба+хти два москалі+.;ACA;1900.0;абахти;;TRUE;;
Між тим прийшо+в 1905 рік.;ACA;1900.0;;;TRUE;;
Бі+льша части+на їх зали+ши+лася в ме+жах суча+сної Новоро+сії та значно+ю мі+рою зайняла+ся чума+цтвом.;ACA;1910.0;Новоросії;зали+ши+лася, зайня+ла+ся;TRUE;;
Зго+дом зміня+ється карти+на.;ACA;1920.0;;;TRUE;;
У свої+й пра+ці С. Смеречи+нський зупиня+ється перева+жно на тих пита+ннях, що вже й пе+ред ним дебатува+лися не оди+н раз і не в одні+й пра+ці, на пита+ннях, що їх про+тягом пореволюці+йних рокі+в ви+сунуло життя+.;ACA;1930.0;Смеречинський;пе+ре+д, ро+кі+в;TRUE;;
Тата+рські кочеви+ща дохо+дили тоді+ на схо+ді од Дніпра+ до рі+чки Оре+лі, на за+ході ж - до Тя+смину, Ви+сі та Синю+хи, так що Запоро+зька Січ була+ з усі+х бокі+в ото+чена тата+рськими кочеви+щами, і єди+ним зв'язко+м Запоро+жжя з Украї+ною, і то не забезпе+ченим од тата+рських на+падів, був Дніпр.;ACA;1910.0;кочевища, кочевищами;дохо+ди+ли, рі+чки+, за+хо+ді, Тя+сми+ну, бу+ла+, зв'я+зко+м;TRUE;;
«Бода+й рі+чка висиха+ла,;ACA;1910.0;;;TRUE;;
Не ду+рно та+ко+ж і в письма+х ча+сто коза+к зове+тся черка+с.;ACA;1830.0;письмах, зовется;та+ко+ж;TRUE;;
В оста+нніх часа+х, крім де+рева, для гравірува+льних до+щок ужива+ють і+нший м'я+кший матеріа+л (напр., ліно+леум), але+ з м'я+кших матеріа+лів дістаю+ться здебі+льшого менш шляхе+тні мисте+цькі тво+ри, й ті+льки найкра+щі майстри+ перебо+рюють нешляхе+тні власти+вості м'яко+го матеріа+лу для гравірува+льної до+шки.;ACA;1930.0;;де+ре+ва, тво+ри+;TRUE;;
В істори+чні часи+ Дніпро+ уже+ був відо+мий гре+кам, і пе+рший на сві+ті істо+рик Геродо+т Галікарна+ський писа+в про ньо+го уже+ 450 ро+ку до христия+нської е+ри.;ACA;1920.0;Галікарнаський, нього;;TRUE;;
То ж са+ме під той час були+ вся+кі заверю+хи, спі+знення;EGO;1910.0;;са+ме+;TRUE;;
О+тже ні прое+кти моско+вських лібера+лів, ні соціялісти+чні;EGO;1920.0;проекти, соціялістичні;;TRUE;;
Коли+ і тепе+р мені+ не бу+де вира+зної ві+дповіді, то вже обра+жуся я.;EGO;1910.0;;Ко+ли+;TRUE;;
Я, мій бра+тчику-о+рлику, збира+в і писа+в наро+дні ду+ми-пісні+ че+рез бли+зько п'ятна+дцять літ, не знав я ні мук, ні труді+в, ла+зив у низьку+ хатчи+ну, під бі+дну соло+м'яну стрі+ху, честува+в сліпо+го лірвака і тону+в в му+зику склада+в і в книжечки+ збира+в.;EGO;1860.0;честував, лірвака;пі+сні+, му+зи+ку, кни+жечки+;TRUE;лірвака;
Вона+, ви+дко, вболіва+є, що дочка+ її+ ма+є тако+го безнаді+йно-хво+рого чолові+ка.;EGO;1940.0;її;Во+на+;TRUE;;
Все, що я сказа+в, для ме+не я+сно, як обобще+ніє.;EGO;1900.0;обобщеніє;;TRUE;;
Бу+дьте здоро+ві.;EGO;1910.0;;здо+ро+ві;TRUE;;
Драгома+нових (таки+ в Га+дячі), а там уже+, пе+вне, хтось з на+ших;EGO;1890.0;;та+ки+;TRUE;;
Поцілу+й її+ за;EGO;1890.0;її;;TRUE;;
Але+ як коли+ почу+єте про ме+не щось поді+бного, то не ки+дайте ка+менем, зна+йте, що тяжкі+ ра+ни, а не вла+сна во+ля приму+сять мене+ скла+сти;EGO;1900.0;;ко+ли+;TRUE;;
Ваш Ів. Франко+.;EGO;1880.0;;Фра+нко+;TRUE;;
До+бре було+ б, якби+ Ви доста+ли до+бру і дета+льну ка+рту (ма+пу);EGO;1890.0;;до+бру+;TRUE;;
Ваш [Винниче+нко];EGO;1900.0;;;TRUE;;
мої+х річе+й по+чтою, але+ коли+ ще не за+раз ї+деш, ти таки+ пришли+,;EGO;1890.0;річей, почтою;ко+ли+, за+ра+з, та+ки+;TRUE;;
Вона+ про+сить спи+сок книжо+к по українозна+вству.;EGO;1900.0;;Во+на+;TRUE;;
Спита+йте, будь ла+ска.;EGO;1900.0;;;TRUE;;
Пиші+ть часті+ше, тепе+р для нас се до+рого ду+же.;EGO;1890.0;;до+ро+го;TRUE;;
знов яка+сь бу+ря нахвати+лась, і го+ри побілі+ли, і в нас так похолодні+ло, що збіра+ємось гру+бку пали+ти.;EGO;1900.0;;го+ри+;TRUE;;
поста+ршав і споважні+в так, що я аж не пізна+ла йо+го.;EGO;1900.0;;;TRUE;;
Чоловікі+в не пуска+ють до кава+рень, а самі+ йдуть.;EGO;1930.0;каварень;Чолові+кі+в, са+мі+;TRUE;;
Та все ж ви+слухайте мої+ оправда+ння, мо+же, тоді+ хоч тро+хи ви+бачите мені+.;EGO;1900.0;;ви+слуха+йте, тро+хи+;TRUE;;
Щи+ро віта+ю Вас і О+льгу Фе+доровну.;EGO;1890.0;Федоровну;;TRUE;;
Всьо+го найкра+щого!;EGO;1900.0;;Всьо+го+;TRUE;;
тя+жко бу+де віднести+ йо+го, то попроси+ зроби+ти се,  він, пе+вне, не відмо+вить, по-товари+ськи.;EGO;1890.0;;;TRUE;;
А я хоті+в уже+ був нести+ їм Котляре+вського та Тесле+нка.;EGO;1920.0;;;TRUE;;
Я не послідо+вець Гора+ція й не хо+чу, щоб що-не+будь моє+ «nonum prematu in annum» [«Неха+й зберіга+ється до дев'я+того ро+ку» (лат., ви+слів Гора+ція) - то+бто, не слід поспіша+ти з публіка+цією тво+ру, яки+й за+вжди+ потребу+є рете+льного доопрацюва+ння.;EGO;1880.0;послідовець, небудь;за+вжди+;TRUE;;
З доро+ги писа+тиму.;EGO;1900.0;;;TRUE;;
«Зло+ба дня» у нас тепе+р - сподіва+ння ві+дповіді на Кльо+ніне проха+ння про перехі+д у До+нщину або+ на Куба+нь.;EGO;1910.0;Кльоніне, Донщину;Зло+ба+;TRUE;;
Лі+ля ду+же зраді+ла, як почу+ла, що ти їй купи+в Шекспі+ра,;EGO;1880.0;;;TRUE;;
не пові+риш, як мене+ всерйо+з бра+ли на Букови+ні - три ве+чера;EGO;1900.0;вечера;;TRUE;;
По+тім зірки+ ста+ли чи танцюва+ти, чи гра+тися в хре+щика.;EGO;1910.0;;зі+рки+, ста+ли+;TRUE;;
З ми+лою у+смішкою кінча+є Миха+йло Миха+йлович о+пис: «так в цю ніч народи+лося на Ка+прі аж три Христа+ і це ніко+му не збавля+ло ні релігі+йного на+строю, ні свято+чних ра+дощів»;EGO;1920.0;;у+смі+шкою, ні+ко+му, на+стро+ю;TRUE;;
До Бори+са Грінче+нка;EGO;1890.0;;;TRUE;;
Гнатю+к писа+в, ще не чита+вши мого+ «Па+льмового гі+лля+», щоб я одда+в його+ до «Бібліоте+ки спі+лки».;EGO;1900.0;;мо+го+, гі+лля+, спі+лки+;TRUE;;
Так і тепе+р.;EGO;1900.0;;;TRUE;;
"її+ і сло+во не дає+ться під ярмо+; вона+ сама+ бої+ться свого+ проро+цтва і, що найтрагі+чніше, сама+ в ньо+му ча+сто сумніва+ється, бо";EGO;1900.0;її, ньому;во+на+, са+ма+, са+ма+;TRUE;;
лі+карь зада+в нам зада+чу, щоб ми «на пра+здниках, на досу+ге обду+мали», - а вла+сне, чи роби+ти мені+ опера+цію, чи ні.;EGO;1900.0;лікарь, праздниках, досуге;;TRUE;;
ми слу+хали неспо+внених наді+й, розві+яних мрій.;EGO;1930.0;несповнених;;TRUE;;
Ви+дно, така+ тут мо+да...;EGO;1910.0;;та+ка+;TRUE;;
Вре+шті, не зна+ю, як дру+гим, а собі+;EGO;1900.0;;;TRUE;;
ми набра+лись таки+х прете+нсій.;EGO;1890.0;претенсій;;TRUE;;
було+, як тоді+ в Чернівця+х, коли+ дощі+ йшли, проте+ хтось му+сів поду+мати про гру+бку і каза+в її+ поста+вити в се+бе в ха+ті;EGO;1900.0;її;ко+ли+;TRUE;;
По+ки ще на+ші лікарі+ ду+мають, що то був ка+мінь чи пісо+к жо+вчний, але+, щоб кра+ще дізна+тися, Володи+мир Ві+кторович з Ю+лією Володи+мирівною збира+ються пі+сля Свят, коли+ потеплі+ша, пої+хати до Москви+ пора+дитися з та+мошніми лікаря+ми.;EGO;1900.0;потепліша;лі+карі+, ко+ли+;TRUE;;
А вона+ сама+ хоч малоро+ска чи прості+сінька ру+ська?1;EGO;1900.0;;во+на+, са+ма+;TRUE;;
то за популя+рна часо+пись, в які+й Ви сотру+дником?;EGO;1890.0;сотрудником;;TRUE;;
 Що ж вони+ за+мість того+ хотя+ть?;EGO;1890.0;хотять;во+ни+, за+мі+сть, то+го+;TRUE;;
не+рвах і на+строю.;FIC;1940.0;;на+стро+ю;TRUE;;
Спочи+ти б!;FIC;1920.0;;;TRUE;;
Помили+лась ба+ба Секле+та, а мо+же, це я заблуди+в.;FIC;1940.0;;Поми+ли+лась, ба+ба+;TRUE;;
Одо+кія засоро+милася ні+би та й зрікла+ осміха+ючися:;FIC;1900.0;Одокія, зрікла, осміхаючися;;TRUE;;
Motto: «Де та грани+ця, що відділя+є;FIC;1890.0;;;TRUE;;
Довга+ль непорозумі+ло гля+нув на не+ї.;FIC;1910.0;;;TRUE;;
- І куди+ ти, окая+на, лі+зла, бода+й ти йому+ здо+хла, су+чому си+нові, невже+ ти не ба+чиш, що тут косогі+р?..;FIC;1910.0;окаяна, йому;си+нові+;TRUE;;
Та в ту мить тра+пилось щось жахли+ве.;FIC;1920.0;;;TRUE;;
Збуди+в їх рапто+вий по+штовх, він ішо+в ні+би з надр само+ї землі+.;FIC;1920.0;;са+мо+ї, зе+млі+;TRUE;;
Петро+ було+ йому+ на ім'я+.;FIC;1900.0;йому;;TRUE;;
А хи+ба там розва+га?;FIC;1920.0;;;TRUE;;
Ніщо+ її+ не вряту+є від дале+кої путі+!;FIC;1930.0;її;пу+ті+;TRUE;;
Зе+лені го+ри, си+вий Дніпро+-Славу+та...;FIC;1910.0;;Зе+ле+ні+, го+ри+;TRUE;;
келі+йник.;FIC;1890.0;;;TRUE;;
Ви+дко, що не мо+жемо ми самі+ прожи+ти без не+ні.;FIC;1920.0;;са+мі+;TRUE;;
Що, не всі лі+тери?..;FIC;1920.0;;;TRUE;;
Дмитро+.;FIC;1890.0;;;TRUE;;
Мо+же, па+нові поле+гшає, то вихо+дьте сюди+.;FIC;1890.0;;;TRUE;;
Ча+сом щось йому+ ста+неться, що й язико+м не пове+рне, хоч йо+го й ріж, а до то+го таки+й незру+чний був, що насере+д ха+ти зашпо+тається й упаде+, або+ ся+де на столе+ць, та поло+мить...;FIC;1860.0;йому, столець;то+го+, ха+ти+, упа+де+;TRUE;;
Відоб'ю+ть собі+ на тобі+, на твої+й грома+ді, ще й твою+ грома+ду і твій край зрабу+ють.;FIC;1900.0;Відоб'ють;;TRUE;;
А я не ста+ну на цю поря+дність витрача+ти полови+ну життя+...;FIC;1890.0;;;TRUE;;
Ча+сто лежачи+ на бе+резі я ба+вився, ки+даючи в во+ду навко+пить камі+нчики вже одна+ково ба+йду+же плеска+ту га+льку і важки+й саморо+док.;FIC;1920.0;навкопить;ле+жачи+, бе+ре+зі, ба+йду+же;TRUE;;
Все мо+ре зе+лені, все односта+йна;FIC;1900.0;;зе+ле+ні+;TRUE;;
Парк свої+ми ли+пами зама+нював невиба+гливих полічукі+в перспекти+вами нови+х личакі+в.;FIC;1920.0;полічуків;;TRUE;;
, Гри+цю, кажу+ тобі+ - не лізь!;FIC;1900.0;;;TRUE;;
- Нема+, - та й знов од ме+не.;FIC;1900.0;;;TRUE;;
Та про+сто мальчи+шество.;FIC;1920.0;мальчишество;;TRUE;;
Яки+ми смішни+ми здали+сь мені+ ви+твори йо+го на зорі+ існува+ння.;FIC;1920.0;;зо+рі+;TRUE;;
Матері+ коро+в до+ють...;FIC;1920.0;коров, доють;Ма+те+рі+;TRUE;;
Йо+го щи+ра ра+да була+ для ме+не якби+ го+лос з сами+х небе+с, вона+ ста+лася нови+м буди+лом для мого+ ума+.;FIC;1860.0;небес, будилом;бу+ла+, са+ми+х, во+на+, мо+го+;TRUE;;
Стягли+ся сарма+ти, дви+нули тісни+м на+товпом, і почало+ кня+же воя+цтво йти вро+зтіч.;FIC;1920.0;;;TRUE;;
Зміст цього+ листа+ ви+клика+в у Луки+ Марко+вича сумні+ думки+.;FIC;1920.0;;ви+клика+в, Лу+ки+, ду+мки+;TRUE;;
Оце+ тобі+ й жить!»;FIC;1910.0;;;TRUE;;
Се+ред не+ї ви+дко яко+гось чолові+ка в сукня+ному «каца+пському» картузі+ з цапи+ною борі+дкою й жо+втим, тоне+ньким но+сиком.;FIC;1900.0;;Се+ре+д, жо+вти+м;TRUE;;
Навчи+сь держа+ти язика+,;FIC;1940.0;;;TRUE;;
Надлеті+в оди+н з-над озе+рця+, здовж ско+шеного горба+, про+сто над голово+ю...;FIC;1920.0;;озе+рця+;TRUE;;
«Гро+ші спокуси+ли.;FIC;1900.0;;Гро+ші+;TRUE;;
Діє+ві лю+де.;FIC;1900.0;;;TRUE;;
- Ти мрі+йнику, Рома+не, - кепку+є хло+пець сам з се+бе, але+ сам нахо+дить випра+вдування, - що ж мо+же бу+ти чисті+ше і кра+ще від мрій?;FIC;1940.0;;Ро+ма+не, бу+ти+;TRUE;;
Гото+во!;FIC;1890.0;;;TRUE;;
Але+ він заги+нув на фро+нті.;FIC;1920.0;;;TRUE;;
Ко+ло Чапа+я збира+вся потро+ху уве+сь йо+го загі+н.;FIC;1930.0;Чапая;по+тро+ху;TRUE;;
(Па+уза).;FIC;1910.0;;;TRUE;;
Пали+вода над пали+водами!;FIC;1890.0;;;TRUE;;
Наре+шті вона+ спромогла+ся запла+кати й пла+кала до+вго.;FIC;1940.0;;во+на+;TRUE;;
Спаси+бі.;FIC;1890.0;;;TRUE;;
Що, дити+но?;FIC;1920.0;;;TRUE;;
Але+ все і+нше як же зміни+лося!;FIC;1880.0;;;TRUE;;
І в воді+ не то+нуть, і в огні+ не горя+ть.;FIC;1860.0;;;TRUE;;
Во+ля найдоро+жче всьо+го на сві+ті, і для ме+не її+ цілко+м бу+де до+сить за те, що я зроби+в тобі+ і наро+дові.;FOL;1910.0;її;всьо+го+, на+ро+до+ві;TRUE;;
А жінки+ згріба+ють пісо+к та спиня+ють ту горі+лку, та беру+ть при+горщами;FOL;1850.0;;жі+нки+;TRUE;;
Що лиш неда+вно появи+лися кни+ги, які+ розповіли+ про та+йну ворожби+ з карт.;FOL;1920.0;;;TRUE;;
І ба+тько му+сив положи+ть рубля+.;FOL;1850.0;;;TRUE;;
Стиль за+пису збере+жено.;FOL;1890.0;;;TRUE;;
Жидя+ка заві+в коня+, поста+вив дві коро+бки+ каміня+к коне+ві на ніч.;FOL;1890.0;Жидяка, каміняк;за+ві+в, коро+бки+;TRUE;;
а по+ки ще ви+дно.;FOL;1900.0;;;TRUE;;
Да ото+ й ожени+ли.;FOL;1850.0;;;TRUE;;
В дру+гий раз чу+лося: туй.;FOL;1910.0;;;TRUE;;
Мости+вий па+не!;FOL;1850.0;;;TRUE;;
"Ра+зом з де+ревом упа+в і я на зе+млю, але+ в ту ж хвили+ну слон підхопи+в мене+ і переки+нув на свою+ широ+ку спи+ну; я лежа+в ні живи+й ні ме+ртвий.";FOL;1910.0;;;TRUE;;
Помо+р. - Поморя+ни, місте+чко зо+лочівського пов.;FOL;1900.0;;;TRUE;;
Дали+ ме+ду.;FOL;1850.0;;ме+ду+;TRUE;;
Ми до+вго пла+вали, але+, наре+шті, зби+лись з доро+ги і не зна+ли на+віть, де ми в цей час но+симось по бурхли+вих хви+лях.;FOL;1910.0;;;TRUE;;
- Йди так, невми+вана, а я йду по воду+, по+тім сі уми+єш.;FOL;1890.0;;;TRUE;;
Седи+ть в ній коза+цька жі+нка, околі+ла.;FOL;1850.0;Седить;;TRUE;;
Всяк же ж моя+ па+ні ро+ду не тако+го.;FOL;1890.0;;ро+ду+;TRUE;;
Як ось прибі+г із Зам'я+тниці вістови+й: «Пано+ве! Гайдама+ки Зам'я+тницю ви+різали!».;FOL;1850.0;;ві+стови+й, Па+но+ве, ви+різа+ли;TRUE;;
Бро+дки - село+ льві+вського пов.;FOL;1900.0;;;TRUE;;
Да велі+в ля+хам, мости+вим пана+м, по козака+х, по мужика+х ста+цією стоя+ти,;FOL;1850.0;;;TRUE;;
полеті+в він попі+д небеси+,;FOL;1900.0;небеси;;TRUE;;
Іде+ ми+ша горобця+ позива+ти до свого+ короля+.;FOL;1890.0;;;TRUE;;
"; а хто не дава+в, то так сидя+ть.";FOL;1850.0;;;TRUE;;
Я ра+зом із п'ятьма+ свої+ми това+ришами попа+ли в одну+ ха+ту.;FOL;1910.0;;попа+ли+;TRUE;;
«Що ж?- ка+жуть, - ми ба+чимо, що він, вра+жий син, глуми+ться»;FOL;1850.0;;;TRUE;;
Варіа+нт до ч. 4, 5.;FOL;1900.0;;;TRUE;;
А Іва+н з па+нною вста+ли, єго+ убра+ли по-па+нському та й спра+вили весі+лля.;FOL;1890.0;єго;;TRUE;;
Оста+нні ро+ки+ я прожи+в у А+фриці, але+ до+вше остава+тись там я вже не міг і приї+хав сюди+, щоб, мо+же, пе+ред сме+ртю угле+діти свого+ бра+та і уме+рти в рі+дному кра+ї.;FOL;1910.0;;ро+ки+, пе+ре+д, кра+ї+;TRUE;;
Втім надхо+дить циві+льний під вікно+ й го+лос свій пода+в, аби+ вона+ відчини+ла вікно+ й впусти+ла його+.;FOL;1890.0;;во+на+;TRUE;;
До землі+ Христия+нської,;FOL;1850.0;;зе+млі+;TRUE;;
Да+ма пік означа+є звича+йно вдови+цю.;FOL;1920.0;;;TRUE;;
за ра+йський Дуна+й.;FOL;1900.0;;;TRUE;;
три+ста душ мале+ньких діте+й;FOL;1910.0;;;TRUE;;
"затика+юся;";FOL;1900.0;;зати+ка+юся;TRUE;;
Ой і ви, пано+ве-молодці+, хоро+брії со+тники й полко+вники, усі+ ви, старши+ни коза+цькі молоде+цькі!;FOL;1830.0;хоробрії;па+но+ве, моло+дці+, у+сі+, старши+ни+;TRUE;;
ти+ї цари+ці,;FOL;1890.0;тиї;;TRUE;;
Наказа+в пан Кано+вський стри+мати пово+з і не пита+ється шля+хтича, що е+му потрі+бно, а лише+ пита+є:;FOL;1890.0;Кановський, повоз;;TRUE;;
І зно+ву я докоря+в собі+ за своє+ легкова+жне бажа+ння нови+х вра+жень і нови+х приго+д.;FOL;1910.0;;;TRUE;;
А ще не мина+ли й серде+шного ста+рця+;FOL;1850.0;;ста+рця+;TRUE;;
Та той віно+чок зняла+, (2);FOL;1890.0;;;TRUE;;
Ви+явилось, що це була+ величе+зна ку+ля, рі+вна, на+че ви+точена.;FOL;1910.0;;бу+ла+;TRUE;;
От він поси+дів тро+хи. «Що ж, - ка+же, - я да+рмо чо+боти топта+в для вас?;FOL;1850.0;;тро+хи+;TRUE;;
Бо не ду+рно кінь на воро+тях спотика+ється».;FOL;1850.0;;;TRUE;;
До нас прийшо+в добува+ти,;FOL;1850.0;;;TRUE;;
Цього+ вимага+є від ме+не вві+чливість.;FOL;1910.0;;;TRUE;;
За 135 ро+ків існува+ння патенто+вого бюра+ було+ ви+дано 1 з поло+в., мілійо+на пате+нтів.;JOU;1920.0;патентового, бюра, мілійона;ро+кі+в;TRUE;;
Абоніме+нт в 1 крб, 25 кап. дав таке+ ж пра+во на балко+ні і купо+нах, - а в 75 коп. таке+ ж пра+во на 5 місць галере+ї.;JOU;1920.0;Абонімент;;TRUE;;
Коли+ б вони+ дали+ обіця+нку, їх би було+ зві+льнено від при+суду до тюрми+.;JOU;1920.0;;Ко+ли+, во+ни+, тю+рми+;TRUE;;
"На свойо+му посту+ Е+берт, як президе+нт, ви+явив вели+кі тала+нти, що ви+значилися в умі+нні служи+ти інтере+сам держа+ви""";JOU;1920.0;свойому;по+сту+, де+ржа+ви;TRUE;;
Ко+жен громадя+нин з яко+юсь особли+вою любо+в'ю гово+рить про своє+ рі+дне мі+сто, про його+ па+м'ятники старовини+, про йог+о па+рки і скве+ри, про його+ люде+й.;JOU;1940.0;;рі+дне+, па+рки+;TRUE;;
В ній нема+є геро+їв, як нема+є й осі+б відповіда+льних за;JOU;1920.0;;;TRUE;;
Ніде+ в сві+ті ма+ти й її+ дити+на не ото+ченні таки+м піклува+ння, тако+ю ува+гою з бо+ку держа+ви, як в Радя+нському Сою+зі.;JOU;1940.0;її;Ні+де+, та+ко+ю, бо+ку+, де+ржа+ви;TRUE;;
Збере+жіння кори+сноі та рідко+і дичини+ пови+нно йти по+руч зі зни+щенням шкідникі+в іх.;JOU;1920.0;Збережіння, корисноі, рідкоі;;TRUE;;
Орке+стри...;JOU;1920.0;;;TRUE;;
Найбі+льше звору+ши+в з'їзд селя+нок найбі+льше їх ціка+вили до+повіді про комнеза+ми та коміте+ти взаємодопомо+ги.;JOU;1920.0;;звору+ши+в;TRUE;;
Францу+з про украї+нську обстру+кцію в га+лиц. се+ймі.;JOU;1910.0;галиц;;TRUE;;
Вона+ почува+є, шо обу+ренню трудя+щих мас нема+ кра+ю і до+ки ще де+ржить вла+ду в свої+х рука+х, поспіша+є упи+тись революці+йною кро+вью.;JOU;1920.0;кровью;Во+на+, кра+ю+;TRUE;;
"Особли+вістю ""хлібопроду+кту"" є те, що він скупо+вує рі+жні зернові+ культу+ри, не обме+жуючись пе+вними з них.";JOU;1920.0;;;TRUE;;
Передова+ стаття+: «Вугі+льники!;JOU;1940.0;;;TRUE;;
Но+та Німе+ччини про тве+рдження президе+нта СДА;JOU;1940.0;;;TRUE;;
Повіто+ва Ко+нкурсова Комі+сія є найви+щим повіто+вим о+рганом ко+нкурсу, підчи+неним Окру+жній Ко+нкурсовій Комі+сії, які+й здав звіт із своє+ї дія+льности та вико+нує водно+ча+с ро+лю жюрі+ в повіто+вому ко+нкурсі, вибира+юче найкра+сщі хо+ри (найбі+льше 5) на окру+жний ко+нкурс хо+рів.;JOU;1940.0;Конкурсова, підчиненим, Конкурсовій, діяльности, жюрі, вибираюче, найкрасщі;о+рга+ном, Окру+жні+й, водно+ча+с, ро+лю+, хо+ри+, окру+жни+й, хо+рі+в;TRUE;;
Чі+лі;JOU;1940.0;Чілі;;TRUE;;
Пода+йте раху+нок, скі+льки ви ви+тратили на переси+лку до+писів.;JOU;1920.0;;;TRUE;;
Найма+ч Петре+нко з легки+м се+рцем ви+гнав на+ймичку, що служи+ла в ньо+го й не заплати+в їй гро+шей.;JOU;1920.0;нього, грошей;;TRUE;;
Прийма+є він тютю+н і ко+жного селяни+на ла+є.;JOU;1920.0;;;TRUE;;
Мо+жна було+-б си+лу;JOU;1920.0;;;TRUE;;
Кочугу+ра.;JOU;1920.0;Кочугура;;TRUE;;
Нема+є в Іта+лії жа+дної селя+нської ро ди+ни, яка+ б не віддала+ своє+ї же+ртви фаши+змові, нема+є жо+дного селяни+на, господа+рське стано+вище яко+го не було+ б підто+чено за два ро+ки+ існува+ння урядо+вого фаши+зму.;JOU;1920.0;;я+ка+, госпо+да+рське, ро+ки+;TRUE;;
Але+ коли+ украї+нська літерату+ра простонаро+дня, коли+ вона+ мо+же обслу+жувати ті+льки потре+би просто+го лю+ду, то і в то+му була+ б її+;JOU;1910.0;простонародня, її;ко+ли+, ко+ли+, во+на+, про+сто+го, то+му+, бу+ла+;TRUE;;
його+ полі+пшення.;JOU;1920.0;;;TRUE;;
Да+ти вам пе+вної ві+дповіди - неможли+во, тому+ що ви не зазнача+єте про соція+льний стан роди+ни -чи це селя+нське дво+рище, чи роди+на торго+вців.;JOU;1920.0;відповіди, соціяльний;то+му+;TRUE;;
Тепе+р всім ста+ло я+сно, що спра+вника не тре+ба жда+ти.;JOU;1910.0;;;TRUE;;
По всіх вели+ких міста+х Росі+ї, а та+ко+ж в Берлі+ні і і+нших міста+х закордо+ном    карти+ни д.Вучи+чевича ма+ли вели+кий у+спіх у пу+блііки, замо+реної суча+сною декаде+нщиною.;JOU;1910.0;Вучичевича, публііки, декаденщиною;та+ко+ж;TRUE;;
Одна+ по о+дній голосу+ють дівча+та з гурто+житку.;JOU;1940.0;;ді+вча+та;TRUE;;
не пізні+ше поча+тку ново+го ро+ку.;JOU;1920.0;;;TRUE;;
Др. Евге+н Петруше+вич.;JOU;1910.0;Евген;;TRUE;;
В бі+льшости скло псу+ється від то+го, що забру+днені прото+кі й воно+ пока+зує неправди+во:;JOU;1920.0;більшости, протокі;то+го+;TRUE;;
Зда+леку до нас доно+сився пере+стук кулеме+тів, кри+ки, але+ ско+ро все зати+хло.;JOU;1940.0;;ско+ро+;TRUE;;
Брита+нські бомбардува+льники атакува+ли мину+лої но+чі бага+то місце+востей у За+хідній Німе+ччині.;JOU;1940.0;;За+хі+дній;TRUE;;
Уве+сь день дежу+рили при+стави лук'я+нівського та бульва+рного уча+стка і надзира+телі.;JOU;1910.0;дежурили, участка;при+ста+ви;TRUE;;
Тарта+к знов пу+щено, відремонто+вано локомобі+ль, але+ інспекту+ра пра+ці його+ не ви+пробувала та й взагалі+ не загляда+є на тарта+к.;JOU;1920.0;;ви+про+бувала;TRUE;;
"Вони+ му+сять відгукну+тись і писа+ти в ""Пра+вді"" (а та+ко+ж в ""Бідноті+"" і ""Селя+нській Газе+ті"") про свою+ пра+цю і особли+во про хи+би це+ї пра+ці, на що па+ртія пови+нна за+раз зверну+ти особли+ву ува+гу.";JOU;1920.0;цеї;Во+ни+, та+ко+ж, Бідно+ті+, за+ра+з;TRUE;;
Хто й за що оде+ржав пре+мію губко+нкурсу газе+т?;JOU;1920.0;губконкурсу;оде+ржа+в;TRUE;;
Мо+жна було+ ба+чити по+руч католи+цького ксьо+ндза, протеста+нського па+стора, ра+бинів і вільноду+мців.;JOU;1910.0;протестанського;;TRUE;;
Гово+рючи про постано+ви пле+нуму, тов. Кагано+вич зазна+чив, що пле+нум уділи+в ви+ключну ува+гу основни+м пита+нням змі+цнення на+шого вну+трішнього ста+ну.;JOU;1920.0;Говорючи;постано+ви+, зазна+чи+в, осно+вни+м;TRUE;;
Авіа+ція обо+х вою+ючих сторі+н проявля+є все бі+льшу акти+вність.;JOU;1940.0;;;TRUE;;
Сього+дяя в Жене+ву прибу+в Еріо+, чека+ють Макдо+нальда.;JOU;1920.0;Сьогодяя, Еріо;;TRUE;;
Особли+ву ува+гу було+ зве+рнуто на пра+цю се+кції по полі+пшенню апара+ту мілі+ції.;JOU;1920.0;;;TRUE;;
О+тже, тісни+ми ряда+ми, єди+ні думка+ми і во+лею, під єди+ним керівни+цтвом впере+д до на+шої мети+!;JOU;1940.0;;ме+ти+;TRUE;;
ХА+РКІВ. У день 60-рі+ччя пе+ршого Інтернаціона+лу -у по+льськім робітни+чім клу+бі відбу+вся інтернаціона+льний мі+тинг.;JOU;1920.0;60-річчя;ХА+РКІ+В;TRUE;;
Інти+мний теа+тр;JOU;1920.0;;;TRUE;;
Ви почали+ си+пати гроши+ма налі+во й напра+во.;NOF;1950.0;грошима;;TRUE;;
Така+ гарячко+ва дія+льність Джон-Бі+лля, звича+йно, не могла+ подо+батись я+нкі.;NOF;1920.0;;Та+ка+;TRUE;;
Зага+л інтеліге+нції;NOF;1890.0;;;TRUE;;
"трима+ти в те+мряві ремісни+чі ""кінці+"" вели+кого мі+ста.";NOF;1930.0;;мі+ста+;TRUE;;
В Нью Йо+рку (ЗДА);NOF;1950.0;;;TRUE;;
Де я схова+юсь?;NOF;1950.0;;;TRUE;;
А незаба+ром все подві+р'я вкрива+ється дядька+ми.;NOF;1920.0;;;TRUE;;
Молоди+й діста+в реє+стр при+даного та забира+є пі+сля весі+лля молоду+ до се+бе.;NOF;1920.0;;;TRUE;;
А то ча+сом мо+ва змі+нюється так, як би й не тре+ба того+.;NOF;1930.0;;то+го+;TRUE;;
Мені+ здає+ться, що бі+льшість на+ших письме+нників емоці+йного, скажу+ на+віть, ероти+чного змага+ння заплідни+ти револю+цію всіє+ю своє+ю си+лою не відчува+ють, відно+сяться до не+ї зим-нокро+вно, від ро+зуму і перш за все зверта+ють ува+гу са+ме на її+ веснянкува+те лице+, на суво+рість її+ вимо+г і на неви+гідні особи+сто для них ри+си її+ хара+ктеру».;NOF;1940.0;нокровно, її, її, її;Ме+ні+, са+ме+, неви+гі+дні, ри+си+;TRUE;;
Са+ме в той час, як Центра+льна Ра+да дово+дила до кінця+ своє+ ді+ло - мир з За+хідними сусі+дами і роспу+щення до до+му вто+мленого, зму+ченого ві+йська, задово+лення на+шого селя+нства і робітни+цтва земе+льним і робітни+чим законода+вством і гото+вилась переда+ти да+льше порядкова+ння на+шою ви+зволеною Украї+ною ново+му госпо+дарів, Украї+нським Устано+вчим Збо+рам, найшли+ на нас росі+йські большевики+.;NOF;1910.0;роспущення, порядковання, большевики;Са+ме+, За+хі+дними, ві+йська+;TRUE;;
Проф. Груше+вський, як відо+мо, написа+в багатотомо+ву істо+рію Украї+ни (ще не;NOF;1910.0;;;TRUE;;
Коли+ т. Качаню+к про таку+ відби+тку гово+рить як про «суб'єкти+вну свідо+мість» і в зв'язку+ з тим пуска+ється на тонкі+ розрі+знення між свідо+містю й буття+м, то його+ «діале+ктика» схо+дить на то+нкощі, крізь які+ зо+всім вира+зно просві+чують не+трі суб'єктиві+зму.;NOF;1930.0;Качанюк;Ко+ли+, та+ку+, зв'я+зку+;TRUE;;
А+дже ж ті нові+ лю+ди несли+ «ві+чний вого+нь стремлі+нь», несли+ свою+ спра+ву вели+ких почува+нь і бурхли+вих при+страстей.;NOF;1930.0;;А+дже+;TRUE;;
Зато+ - тому+;NOF;1930.0;Зато;то+му+;TRUE;;
Дру+зі мої+!;NOF;1900.0;;;TRUE;;
музи+чности й о+бразности.;NOF;1910.0;музичности, образности;;TRUE;;
А відо+мо - як махне+ться, так і відгукне+ться.;NOF;1940.0;махнеться;;TRUE;;
Че+рез те його+ істори+чні п'є+си вихо+дять і живі+, і натура+льні, і ані+ на хвили+ночку не нудні+.;NOF;1890.0;;ви+хо+дять;TRUE;;
Йшли під пеку+чим промі+нням со+нця, але+, як і рані+ше, бадьо+рі і весе+лі:;NOF;1920.0;;;TRUE;;
Че+рез кі+лька день а+віо-гурто+к оде+ржав потрі+бні матер'я+ли та струме+нти, а масте+рня перейшла+ у вели+ке й сві+тле поме+шкання...;NOF;1920.0;авіо, матер'яли, мастерня;оде+ржа+в;TRUE;;
"Але+... - і тут його+ го+лос перейшо+в з ""дур"" на ""моль"" - з ким я його+ зіста+влю, на кого+ я його+ лишу+?!...";NOF;1930.0;кого;;TRUE;;
Коли+ йому+ тре+ба, він не вага+ється ужива+ти в украї+нських вірша+х росі+йські слова+, та ще слова+, що існу+ють і в украї+нській мо+ві та ма+ють в їй зо+всім і+нше зна+чення, ніж в росі+йській.;NOF;1910.0;йому;Ко+ли+, ві+рша+х, сло+ва+, сло+ва+;TRUE;;
наро+д як натура+льний органі+зм в держа+вних;NOF;1930.0;;;TRUE;;
"1) моти+в ста+туї, що ожива+є, щоб покара+ти кри+вдника (моти+в ще анти+чного похо+дження);";NOF;1930.0;;;TRUE;;
І умо+ва моме+нту - еконо+мія.;NOF;1920.0;;;TRUE;;
Вона+ принесла+ ... вбрання+.;NOF;1930.0;;Во+на+, вбра+ння+;TRUE;;
Ні, ми приви+кли у житті+;NOF;1940.0;;;TRUE;;
Написа+вши на ска+рзі хитрому+дру резолю+цію: «Проси+ти райра+ду впли+нути», Ви відісла+ли її+ голові+ райвиконко+му.;NOF;1950.0;її;го+лові+;TRUE;;
Лежучи+ пора+нений у трю+мі розби+того Зеле+ним бі+ля Трипі+лля паропла+ву, Іса+й зга+дує, між и+ншим, свою+ ві+дповідь капіта+нові на його+ запита+ння - чи лю+бить Іса+й Дніпро+?;NOF;1930.0;Лежучи, иншим;Зе+ле+ни+м;TRUE;;
І тому+ му+сив хова+тись по горі+щах.;NOF;1920.0;горіщах;то+му+;TRUE;;
В статті+ «Ще про «парті+йне» в лі+вій літерату+рі» я розгляда+ю зро+блений нам за+кид лама+ння ді+йсності в літерату+рі за парті+йною програ+мою.;NOF;1930.0;;лі+ві+й;TRUE;;
Пі+сля Андру+сівського ми+ру - 1669 р. «Глу+хівська Умо+ва» ге+тьмана Дамя+на Многогрі+шного: 1672 р. - «Коното+пська Умо+ва» ге+тьмана Самойло+вича, - і ,вре+шті, 1678 р.- «Коло+мацька Умо+ва» ге+тьмана Іва+на Мазе+пи.;NOF;1950.0;Дамяна, Коломацька;ми+ру+, Глу+хівська+;TRUE;;
"-	Па+стку.";NOF;1940.0;;;TRUE;;
І от у тако+му су+то-літерату+рному ото+ченні й опини+лася Л.Украї+нка.;NOF;1920.0;;;TRUE;;
Се+ред позна+к то+ї неду+ги, яка+ ши+риться се+ред на+шої інтеліґе+нції, медици+на назива+є м. и. забу+дькуватість (особли+во яска+во виступа+є, як аува+жено у соціялі+стів), надмі+рну балакли+вість (особли+во помі+тна в на+шій публіци+стиці, коли+ в десятьо+х ре+ченях гово+риться те, що мо+жна сказа+ти в одні+м), наре+шті безме+жну зарозумі+лість, що ча+сто перехо+дить у ма+нію вели+кости.;NOF;1920.0;інтеліґенції, яскаво, ауважено, соціялістів, балакливість, реченях, великости;Се+ре+д, я+ка+, ко+ли+, ма+нію+;TRUE;;
Щоб не смів «писарчу+к»!;NOF;1950.0;;;TRUE;;
благоро+дний поля+к;NOF;1910.0;;;TRUE;;
"За+мість 		Тре+ба";NOF;1890.0;;За+мі+сть;TRUE;;
А жи+тимете де?;NOF;1920.0;;;TRUE;;
«Здає+ться не було+ ані+ одно+го+ сло+ва запере+чення - говори+в М.  ;NOF;1950.0;;одно+го+, сло+ва+;TRUE;;
Але+ ця війна+ дала+ ще ду+жчого супроти+вника- Півні+чно-Америка+нські Сполу+чені Шта+ти.;NOF;1920.0;Північно;;TRUE;;
Літерату+ра украї+нська, проскрибо+вана ря+дом росси+йським;NOF;1870.0;российським;;TRUE;;
«Бери+ цю запи+ску і йди про+сто до са+мого міні+стра сільсько+го господа+рства, скажи+, що ти з реда+кції, що ти сигна+л пре+си, а він вже дасть тобі+ хід, він взагалі+ до сигна+лів пре+си ду+же чу+йна люди+на».;NOF;1940.0;;Бе+ри+, са+мо+го;TRUE;;
«Лама+ння ді+йсності за світо+глядом».;NOF;1920.0;;;TRUE;;
Стаття+ 16.;OFF;1930.0;;;TRUE;;
Украї+нську Республіка+нську Ра+ду вибира+ють украї+нські громадя+не на пра+вилах, обов'я+зуючих для ви+борів Поса+дника «Украї+нської Трудово+ї Респу+бліки» з ціє+ю одмі+ною, що ко+жних 400.000 насе+лення, прожива+ючого в одному+ ви+борчому о+крузі, вибира+є від се+бе одного+ наро+днього представника+ в склад Украї+нської Республіка+нської Ра+ди.;OFF;1910.0;громадяне, обов'язуючих, одміною, проживаючого, народнього;пра+ви+лах, одно+му+, о+кру+зі, одно+го+;TRUE;;
нема+є нія+ких підста+в для занепоко+єння чи стра+ху+ ні се+ред при+званих, ні се+ред ї+хньої рідні+.;OFF;1940.0;;стра+ху+, рі+дні+;TRUE;;
При+званих не чека+є невідо+ме майбу+тнє.;OFF;1940.0;;;TRUE;;
Коли+ б представни+к парла+ментської бі+льшості не зміг утвори+ти вірогі+дного міністе+рства, то Президе+нт доруча+є організа+цію міністе+рства і+ншому представнику+ парла+ментських груп чи політи+чних те+чій в держа+ві, доруча+ючи йому+ скла+сти міністе+рство коаліці+йне.;OFF;1910.0;йому;Ко+ли+, де+ржа+ві;TRUE;;
Ви+слухано докла+д Зару+біна і Са+вченка-Бі+льського про перегово+ри у шта+бі з Квеци+нським та Киріє+нком.;OFF;1910.0;Вислухано, Зарубіна, Квецинським, Кирієнком;перегово+ри+;TRUE;;
Наро+дна Упра+ва мо+же одна+к завести+ виїмко+ве обме+ження свобо+ди заробі+тку.;OFF;1910.0;;свобо+ди+;TRUE;;
До+говір на+йму;OFF;1940.0;;До+гові+р, на+йму+;TRUE;;
Ця обста+вина ство+рює небезпе+ку перетво+рення цих організа+цій із знаря+ддя найбі+льшої мобіліза+ції радя+нських письме+нників і худо+жників навко+ло завда+нь соціялісти+чного будівни+цтва на знаря+ддя культивува+ння гуртково+ї за+мкнености, відри+ву від політи+чних завда+нь суча+сности та від значни+х груп письме+нників і худо+жників, що співчува+ють соціалісти+чному будівни+цтву.;OFF;1930.0;соціялістичного, замкнености, сучасности;;TRUE;;
Наколи+ прийня+ти на ува+гу фіна+нсово-економі+чну експлуата+цію Украї+ни ру+ською метропо+лією і націона+льно-політи+чний гніт над украї+нським наро+дом, а ра+зом і зв'я+заний з тим низьки+й культу+рний рі+вень мас, то ста+не я+сним стан соція+льних сил Украї+ни з поча+тку вели+кої схі+дньої револю+ції.;OFF;1920.0;соціяльних, східньої;на+ро+дом, я+сни+м;TRUE;;
Генера+льний Секретаріа+т розгляда+є, розробля+є й предклада+є на затве+рдження тимчасо+вому прави+тельству пропозі+ції що+до життя+ кра+ю і його+ упра+ви.;OFF;1910.0;предкладає, правительству, пропозіції;кра+ю+;TRUE;;
Коли+ Тимчасо+ве Росі+йське Прави+тельство не мо+же да+ти лад у нас, коли+ не хо+че ста+ти ра+зом з на+ми до вели+кої робо+ти, то ми самі+ пови+нні взя+ти її+ на се+бе.;OFF;1910.0;Правительство, нами, її;Ко+ли+, ко+ли+, ро+бо+ти, са+мі+;TRUE;;
Окре+мий зако+н то+чно ви+значить постано+ви що до набуття+ та втра+ти украї+нського громадя+нства.;OFF;1920.0;;постано+ви+;TRUE;;
Пилипе+нко не йшов з контрреволюці+йного підпі+лля й вів контрреволюці+йну робо+ту до дня аре+шту, почина+ючи від ви+пуску й протя+гування украї+нської шовіністи+чної літерату+рної проду+кції й кінча+ючи безпосере+днім формува+нням контрреволюці+йних ка+дрів з мето+ю повста+ння.;OFF;1930.0;;ро+бо+ту;TRUE;;
Для утри+мання і ві+льного ро+звитку сіх приро+дніх скарбі+в націона+льного обли+ччя і вда+чі - ма+ють завда+нням туте+шні украї+нці забезпе+чити собі+ во+лю на самості+йне націона+льно-культу+рне життя+ в нові+й батьківщи+ні - ухва+лено: прийня+ть у головни+х ри+сах, з тим що+би пе+ред оголо+шенням ціє+ї Конститу+ції для широ+кого зага+лу, а та+ко+ж пе+ред надси+лкою її+ до відпові+дної вла+ди, вступ розроби+ть і докла+дніше обгрунтува+ти його+ істори+чними і факти+чними да+ними.;OFF;1910.0;природніх, прийнять, надсилкою, її, обгрунтувати;ба+тьківщи+ні, пе+ре+д, та+ко+ж, пе+ре+д, відпові+дно+ї;TRUE;;
Ці з'ї+зди представля+ли в ціло+му мільйо+нну ма+су (сам військо+вий з'їзд в Ки+єві уявля+в собо+ю 993 400 організо+ваних солда+тів) і в розв'яза+нні націона+льних завда+нь ви+казали себе+, як одну+ ду+шу, спі+льну.;OFF;1910.0;;з'ї+зди+, військо+ви+й, ду+шу+;TRUE;;
Генера+льному Секретаріа+тові;OFF;1910.0;;;TRUE;;
Тим са+мим, ко+жний наро+д, що пості+йно прожива+є в держа+ві, є самості+йний суб'є+кт пра+ва і ма+є самості+йні націона+льні права+ в шко+лі, устано+вах та в суспі+льному житті+ (пра+во самови+значення наро+дів: Ро+зділ III).;OFF;1920.0;;са+ми+м, де+ржа+ві, пра+ва+, пра+ва+, на+ро+дів;TRUE;;
Але+ Тимчасо+ве Росі+йське Прави+тельство одки+нуло всі на+ші домага+ння, одпіхну+ло простя+гнену ру+ку украї+нського наро+ду.;OFF;1910.0;Правительство, одпіхнуло;на+ро+ду;TRUE;;
Докла+дне озна+чення спо+собу ухва+лювання і видава+ння зако+нів постано+вить пе+рша Украї+нська Республіка+нська Ра+да че+рез ухва+лення відпові+дного радя+нського регуля+міна.;OFF;1910.0;регуляміна;відпові+дно+го;TRUE;;
Робо+ту по да+льшому втя+гненню в «Плуг» роби+ти обере+жно, беручи+ лише+ одини+ці, що вира+зно стаю+ть на шлях літерату+рно-худо+жньої тво+рчости і поділя+ють ідеологі+чну плятфо+рму «Плу+га».;OFF;1920.0;творчости, плятформу;Ро+бо+ту, ста+ю+ть;TRUE;;
Перегля+нувши в жорсто+кій самокрити+чній робо+ті тво+рчість «Плу+гу», ви+явивши усі+ негати+вні й позити+вні сто+рони в ній, з'їзд з задово+ленням констату+є вели+ке зроста+ння тво+рчої проду+кції «Плу+га», що за час від оста+ннього IV з'ї+зду зросла+ вдво+є про+ти попере+дніх 5 ро+кі+в.;OFF;1930.0;;ро+бо+ті, у+сі+, сто+рони+, зро+сла+, ро+кі+в;TRUE;;
"б) поручи+ти Коміте+тові У.Ц.Р. й Генера+льному Секретаріа+тові ви+робити стату+т, що озна+чив би взаї+мні відно+сини між Украї+нською Центра+льною Ра+дою й її+ Генера+льним Секретаріа+том;";OFF;1910.0;взаїмні, її;озна+чи+в;TRUE;;
Нау+ка ві+льна.;OFF;1920.0;;;TRUE;;
Арти+кул 15.;OFF;1930.0;;Арти+ку+л;TRUE;;
Ви+щим Кра+євим О+рганом Управлі+ння на Украї+ні є Генера+льний Секретаріа+т Украї+нської Центра+льної Ра+ди, яки+й форму+ється Центра+льною Ра+дою, відповіда+є пе+ред не+ю і затве+рджується Вре+менним Прави+тельством.;OFF;1910.0;Временним, Правительством;Ви+щи+м, О+рга+ном, пе+ре+д;TRUE;;
Ко+жна ха+та перевіря+є сама+ уповнова+ження свої+х чле+нів і розв'я+зує уся+кі непорозумі+ння що+до сьо+го.;OFF;1900.0;;са+ма+;TRUE;;
VI а) Репрезентаці+йна вла+да.;OFF;1910.0;Репрезентаційна;;TRUE;;
Всіх же громадя+н сих земе+ль оповіща+ємо:;OFF;1910.0;;;TRUE;;
Од реда+кції;OFF;1910.0;;;TRUE;;
"5. Заробі+ток украї+нського громадя+нина розхо+диться у трьох на+прямках: а) на вла+сний прожи+ток; б) на поно+шення держа+вних пови+нностей; в) на помно+ження наро+днього бага+тства че+рез оща+дність.";OFF;1910.0;поношення, народнього;;TRUE;;
У всім и+ншім пра+вила ви+борів у Всенаро+дні Збо+ри установля+ються зако+ном.;OFF;1910.0;иншім;пра+ви+ла, Збо+ри+;TRUE;;
В склад Генера+льного Секретаріа+ту вхо+дить 14 Генера+льних Секретарі+в, а са+ме Секретарі+ в спра+вах: вну+трішніх, фіна+нсових, військо+вих, продово+льчих, земе+льних, юсти+ції, осві+ти, націона+льних, то+ргу, промисло+вості, по+чти та телегра+фу, пра+ці, дорі+г, Генера+льний Контрольо+р та Генера+льний Пи+сар.;OFF;1910.0;Контрольор;са+ме+, військо+ви+х, осві+ти+, то+ргу+, по+чти+;TRUE;;
Причи+ною зазна+чених хиб у склада+нні ділови+х папе+рів є здебі+льшого незнання+ обґрунтова+нь що їх вимага+є зако+н.;OFF;1920.0;обґрунтовань;;TRUE;;
Як ме+жі земе+ль, так і ме+жі грома+д визнача+ються окре+мим зако+ном.;OFF;1900.0;;ме+жі+, ме+жі+;TRUE;;
Генера+льний пи+сар П.Христю+к;OFF;1910.0;Христюк;;TRUE;;
В по+міч Голові+, в спра+вах, ви+числених в пара+графах 32 - 33, Всенаро+дніми Збо+рами вибіра+ється йому+ това+ришів, в числі+, яке+ устано+влять Всенаро+дні Збо+ри.;OFF;1910.0;Всенародніми, вибірається, йому;Го+лові+, Збо+ри+;TRUE;;
Всі спра+ви в Колє+гії Верхо+вних Прави+телів вирі+шуються бі+льшістю голосі+в.;OFF;1910.0;Колєгії;;TRUE;;
Поря+док переда+чі пра+ва користува+ння в спа+дщину ма+є бу+ти встано+влений окре+мим зако+ном.;OFF;1910.0;;пра+ва+, кори+стува+ння, бу+ти+;TRUE;;
Ви+їмок тво+рять при+знані зако+ном за безу+мних або+ божеві+льних, котрі+ нахо+дяться під опі+кою.;OFF;1910.0;;;TRUE;;
Мобілізува+ти уве+сь медперсона+л райо+ну вку+пі з при+сланою брига+дою лікарі+в від облздравві+дділу на організа+цію меди+чної допомо+ги вищезга+даним хво+рим, в пе+ршу че+ргу для обслуго+вування охопи+ти се+ла:;OFF;1930.0;облздраввідділу;лі+карі+в, че+ргу+, се+ла+;TRUE;;
Чле+нам ко+жного Націона+льного Сою+зу веду+ться іменні+ спи+ски, які+ в суку+пности склада+ють Націона+льний Када+стр, яки+й по склада+нню публіку+ється до зага+льної ві+домости, і ко+жен громадя+нин ма+є пра+во вимага+ти як свого+ вклю+чення в да+нний Націона+льний Када+стр, так і ви+ключення з ньо+го з о+гляду на зая+ву про ненале+жність його+ до да+ної на+ції.;OFF;1910.0;сукупности, відомости, данний, нього, неналежність;іме+нні+;TRUE;;
Сірники+ коро+бка 0-20 0-20;OFF;1940.0;;Сі+рники+;TRUE;;
До організа+цій попу+тників на Украї+ні («Ла+нка», гру+па літера+торів, що об'єдна+лася навко+ло журна+лу «Життя+ й Револю+ція»), яка+ прийма+є плятфо+рму Радвла+ди, слід доде+ржуватись тіє+ї ж лі+нії, що зазна+чена про попу+тників у загальнопарті+йних постано+вах.;OFF;1920.0;плятформу;Ла+нка+, я+ка+;TRUE;;
В Єги+пет лю+де одвели+ -;POE;1850.0;;;TRUE;;
Руфі+н (гі+рко).;POE;1900.0;;;TRUE;;
В що ві+рим ми, поті+шилась би, пе+вне:;POE;1890.0;;;TRUE;;
Ще ва+рто і жи+ти й співа+ти!»;POE;1890.0;;;TRUE;;
собі+ оцю+ гробни+цю збудува+в,;POE;1900.0;;;TRUE;;
Цвіли+ в них і ла+ври, і кві+ти барви+сті,;POE;1890.0;;;TRUE;;
В кайда+ни до+бре закува+ли,;POE;1850.0;;;TRUE;;
І бі+лого серпа+нку на обли+ччя,;POE;1900.0;;;TRUE;;
про що співа+ли.;POE;1900.0;;;TRUE;;
міше+чок ко+жний зва+жу.;POE;1900.0;;;TRUE;;
Ти за+вжди+ но+сиш корогву+?;POE;1910.0;;за+вжди+;TRUE;;
"Та спи+сую; щоб та печа+ль";POE;1840.0;;;TRUE;;
І кру+тять, ва+лять з ніг,;POE;1920.0;;;TRUE;;
Окрі+м то+го, я заповіда+ю;POE;1890.0;;то+го+;TRUE;;
Та що-не+будь ді+ять!;POE;1840.0;діять;;TRUE;;
Зві+дки вони+ одійшли+ на той світ...;POE;1910.0;;во+ни+;TRUE;;
Не білі+ють вітри+ла я+сні+.;POE;1890.0;;я+сні+;TRUE;;
Як понесе+ з Украї+ни;POE;1840.0;;;TRUE;;
Не раз мій го+лос ди+ко залуна+,;POE;1890.0;залуна;;TRUE;;
нема+ зручні+ших до раху+нку.;POE;1900.0;;;TRUE;;
І не хитне+ться ва+рта.;POE;1920.0;;;TRUE;;
Прости+ сироту+!;POE;1830.0;;;TRUE;;
не слу+жать нічо+го йому+;POE;1910.0;йому;ні+чо+го;TRUE;;
поли+тий нам шлях?;POE;1900.0;;;TRUE;;
То закри+є ли+чко, то відкри+є, -;POE;1890.0;;;TRUE;;
- Встава+й, Самсо+не!;POE;1880.0;;;TRUE;;
З Холо+дного Я+ру.;POE;1840.0;;Я+ру+;TRUE;;
"Зійшли+ зі сце+ни ""Гриць"", ""Ната+лка"", і ""Запоро+жець"", і ""Бору+ля"".";POE;1930.0;Боруля;;TRUE;;
Усе+ узна+в Іва+н пово+лі;POE;1920.0;;У+се+;TRUE;;
ві+тер ли+не ота+к над боло+том,;POE;1900.0;;ли+не+;TRUE;;
Бо ви й самі+ не зна+єте,;POE;1840.0;;са+мі+;TRUE;;
Круго+м хло+пці та дівча+та;POE;1830.0;;Кру+го+м, ді+вча+та;TRUE;;
Дай роздивлю+сь.;POE;1900.0;;;TRUE;;
З грома+ди кпи+ли, хло+пців би+ли;POE;1840.0;;;TRUE;;
Коли+ ж мене+ на пів доро+ги стрі+не;POE;1900.0;;Ко+ли+;TRUE;;
Неофі+т-раб (до старо+го раба+).;POE;1900.0;;;TRUE;;
Одно+ сло+во;POE;1900.0;;;TRUE;;
Край лі+са.;POE;1930.0;;;TRUE;;
Я не скажу+ ніко+му слів тає+мних.;POE;1900.0;;ні+ко+му;TRUE;;
розта+ти від промі+ння весня+ного,;POE;1900.0;;весня+но+го;TRUE;;
У ко+ждого лю+ду, у ко+ждій краї+ні;POE;1890.0;;;TRUE;;
Ох, Ані+то,;POE;1910.0;Аніто;;TRUE;;
- І Катри+на;POE;1840.0;Катрина;;TRUE;;
А на ві+тах гойда+ються;POE;1840.0;;;TRUE;;
коли+ всім пра+вить гетьмана+т?!;POE;1920.0;;ко+ли+;TRUE;;
«А що ж, - ка+же, - возьмі+м, На+сте».;POE;1840.0;возьмім;;TRUE;;
Рости+, рости+, топо+ленько!;POE;1830.0;;;TRUE;;
Та ще й умре+.;POE;1850.0;;;TRUE;;
Дивлю+ся, смію+ся, дрібні+ утира+ю -;POE;1840.0;;;TRUE;;
"І був ве+чір, і був ра+нок; день тре+йтїй.";REL;1900.0;трейтїй;;TRUE;;
Ні, Вона+ ви+посажена незрівня+ною соверше+нністю.;REL;1920.0;випосажена, незрівняною, совершенністю;Во+на+;TRUE;;
У+нія у Флоре+нції з 1439 р., заклю+чена представника+ми ці+лої правосла+вної це+ркви ви+ключно в тій наді+ї, що Па+пи ору+жною си+лою вряту+ють Ца+ргород пе+ред ту+рками, всто+ялась до 1443 р., хоч ту+рки си+льно натиска+ли на підчи+нене собі+ духове+нство правосла+вної це+ркви, щоб зірва+ти у+нію.;REL;1940.0;заключена, підчинене;це+ркви+, пе+ре+д, нати+ска+ли, це+ркви+;TRUE;;
Ось ти розпочина+єш чита+ти кни+жку спи+сану на це, що+би тебе+ склони+ти полюби+ти Пречи+сту Ді+ву Марі+ю, наслі+дувати Її+ та моли+тись до Не+ї.;REL;1920.0;склонити, Її;;TRUE;;
Сотво+римо чолові+ка в наш о+браз і в подо+бу, і неха+й пану+є над ри+бою морсько+ю, і над пта+ством небе+сним, і над скоти+ною, і над уся+ким ди+ким зьві+рєм, і над уся+ким га+дом, що ла+зить по землї+.;REL;1900.0;зьвірєм, землї;о+бра+з;TRUE;;
І покли+кне Госпо+дь Бог до чолові+ка, і рече+ йому+:;REL;1900.0;йому;ре+че+;TRUE;;
У поча+тку сотвори+в Бог не+бо та зе+млю.;REL;1900.0;;;TRUE;;
"Ко+жний із вас зна+є ту пресвяту+ моли+тву ""О+тче наш""...";REL;1940.0;;;TRUE;;
І сотвори+в Госпо+дь Бог із землї+ вся+кого зьві+ря польово+го і вся+ке пта+ство небе+сне, і приві+в їх до чолові+ка поба+чити, як він зва+тиме їх, і як нї назва+в би чолові+к їх живі+ ду+ші, так що+би му+сїли вони+ зва+тись.;REL;1900.0;землї, зьвіря, мусїли;ду+ші+, во+ни+;TRUE;;
Вона+ Архитві+р Бо+га!;REL;1920.0;Архитвір;Во+на+;TRUE;;
Коли+ й були+ які+сь симпа+тії до правосла+вія, то за+вжди+ з тіє+ю політи+чною тенде+нцією, щоб че+рез поворо+т до правосла+вія паралізува+ти ту по+льську (а в Карпа+тській Украї+ні мадя+рську) а+кцію, яка+ змага+ла до перетво+рення туте+шнього на+шого наро+ду в яки+йсь своєрі+дний ру+ський наро+дець, що не мав би свідо+мості та почуття+ є+дності з ці+лим украї+нським, згля+дно ру+ським наро+дом.;REL;1940.0;православія, православія;Ко+ли+, за+вжди+, я+ка+, на+ро+ду, на+ро+дом;TRUE;;
Будь вдово+лений тим, що ма+єш, і що+йно так стреми+ до бі+льшого, се пе+рша економі+чна чесно+та в життю+.;REL;1920.0;;;TRUE;;
А коли+ йде+ться про той ви+бір, від котро+го зале+жить ці+ле майбу+тнє життя+, се+бто про ви+бір ста+ну для молодо+го чолові+ка, той ви+бір є, мо+жна сказа+ти, безогля+дно найбі+льшого й пе+ршого зна+чення.;REL;1940.0;;ко+ли+;TRUE;;
До робі+тні прийшо+в купе+ць о+бразів, а тре+ба зна+ти, що вони+ бува+ли незрівня+нними знавця+ми мисте+цтва.;REL;1940.0;;во+ни+;TRUE;;
Христия+не, ді+ти отця+ небе+сного, о ми+лості Бо+га і о ми+лості бли+жнього помо+влю ни+ні.;REL;1830.0;помовлю;;TRUE;;
"Наготу+ю тобі+ му+ки в ваго+нїннях твої+х; му+чившись роджа+ти меш дї+ти, а до му+жа твого+ порива+ти ме тебе+, він же панува+ти ме над тобо+ю.";REL;1900.0;вагонїннях, дїти;му+ки+;TRUE;;
Така+ іде+я, щоб перетвори+ти західноукраї+нську уніа+тську це+ркву в автокефа+льну, для за+хідних украї+нців цілко+м чужа+.;REL;1940.0;;Та+ка+, за+хі+дних;TRUE;;
Щоб нас усі+х у цю роди+ну з'єдна+ти чи зв'яза+ти, не пошкодува+в Христо+с і Свого+ життя+, уме+р на хресті+ для на+шого спасі+ння.;REL;1940.0;;хре+сті+;TRUE;;
Якщо+ хо+чете, дорогі+ мої+, бу+ти до+брими, сумлі+нними та щасли+вими людьми+, стережі+ться вся+кого гріха+ та побо+рюйте вся+ку при+страсть.;REL;1940.0;;бу+ти+;TRUE;;
"І був ве+чір, і був ра+нок; день ше+стий.";REL;1900.0;шестий;;TRUE;;
Вона+ ма+є се+рце так успосі+блене, що не мо+же гляді+ти на чиї+сь терпі+ння, щоб вмить не ви+явити Свого+ співчува+ння.;REL;1920.0;успосіблене;Во+на+;TRUE;;
"Коли+ перспекти+вна безконе+чність людсько+го ро+зуму домага+ється, - як ""conditio sine gua non"" - можли+вости ду+мання та+ко+ж про небуття+, то чи безконе+чність для ру+ху свобі+дної людсько+ї во+лі не домага+ється анальогі+чного ""допо+внення"" - очеви+дно в свойо+му сти+лю, бо ро+зум оперу+є думка+ми, а во+ля діла+ми.";REL;1920.0;можливости, анальогічного, свойому;Ко+ли+, лю+дсько+го, та+ко+ж, лю+дсько+ї, во+лі+;TRUE;;
Боротьба+ в нас вела+ся ті+льки за збере+ження тради+ції на+шої це+ркви, а не про+ти католи+цької ві+ри в ідеа+льному розумі+нні.;REL;1940.0;;це+ркви+;TRUE;;
Тому+, дорогі+, на дру+гому мі+сці ду+же наполе+гливо доруча+ю і ра+джу вам не зане+дбувати щоде+нних христия+нських молито+в.;REL;1940.0;;То+му+;TRUE;;
Не забува+йте ніко+ли, що ва+ша ві+ра - це ві+ра Вселе+нської Це+ркви, - це ві+ра католи+цька.;REL;1940.0;;ні+ко+ли, Це+ркви+;TRUE;;
, Бог твої+ ра+дощі.;REL;1830.0;;;TRUE;;
Вона+ відно+ситься та+ко+ж до ро+зуму, до пізна+ння.;REL;1920.0;;Во+на+, та+ко+ж;TRUE;;
Змій же був хитрі+щий над уся+кого польово+го зьві+ра, що Госпо+дь Бог созда+в.;REL;1900.0;хитріщий, зьвіра, создав;;TRUE;;
"Мо+же ду+маєш, що по+міч і поті+ху на+йдеш в роди+ні і в при+ятелях; но поду+май, чи ж то все роди+на з тобо+ю, чи ж роди+на не єсть так в рука+х всемогущого Бо+га, як і твоє+ життя+, як і твоя+ до+ля?";REL;1830.0;всемогущого;;;;
Якби+ світ ви+творивсь сам зі себе+, без уся+кого ро+зуму, без пляну, чи він міг би так вигляда+ти?;REL;1920.0;пляну;;;;
"Вона+ до+бра, співчувальна, люби+ма; Вона+ ві+рна, благоро+дна, за+всі+ди гото+ва помага+ти; Вона+ покі+рна, ла+гідна й терпели+ва;";REL;1920.0;співчувальна;Во+на+, до+бра+, Во+на+, за+всі+ди, Во+на+;;;
Я рад би до ко+жного з вас зокре+ма+ промовля+ти і ко+жного благослови+ти на цю доро+гу.;REL;1940.0;;зокре+ма+, доро+гу+;;;
І спра+вді, - того+ ж таки+ са+мо+ ве+чора, Пречи+ста а, г. по+вному бли+ску Своє+ї непоро+чної краси+, з'яви+лася то+му+ мона+хові.;REL;1920.0;;то+го+, та+ки+, са+мо+, то+му+;;;
Тому+ з о+гляду на му+дрість дово+диться нам говори+ти про ви+бір, особливішим спо+собом про ви+бір ста+ну, але+ щоб бу+ти+ в змо+зі ви+черпати предме+т ви+бору, тре+ба спе+ршу перейти+ всі хи+би, проти+вні життє+вій му+дрості [2, 374].;REL;1940.0;особливішим;То+му+, бу+ти+;;;
Так єсть в на+шій пра+ці над і+ншими, але+ так не єсть в пра+ці на+шій над собо+ю са+ми+ми [4, II т., 115].;REL;1940.0;;са+ми+ми;;;
Чи не є бі+льшою шту+кою віртуо+зність у ду+манню, як віртуо+зність у гра+нню+ на скрипка+х?;REL;1920.0;;гра+нню+;;;
І ви+вела земля+ биллє травне+, зело+ з насїннями і де+рево плодови+те, плодюще по свойму ро+до+ві+, що йо+го насїння було+ в йому по свойму ро+до+ві+.;REL;1900.0;биллє, насїннями, плодюще, свойму, насїння, йому, свойму;ро+до+ві+, ро+до+ві+;;;
А дру+гі думки+ ра+дили Творцеви:;REL;1920.0;Творцеви;ду+мки+;;;
Вона+ є Ді+ва, пречи+ста, неви+нна, простоду+шна, непоро+чна.;REL;1920.0;;Во+на+;;;
"Як гада+єте, чи в тако+му сві+ті могла+ би істнувати ""свобі+дна во+ля""?";REL;1920.0;істнувати;;;;
Не му+сите ї+сти нї з яко+го де+рева ра+йського?;REL;1900.0;;де+ре+ва;;;
І;REL;1920.0;;;;;
До не+ї нале+жить у+се+ те, що чолові+к вла+сним поступува+нням мо+же зроби+ти, щоб осягну+ти ту мету+.;REL;1940.0;;у+се+, ме+ту+;;;
Не ко+жда люди+на вважа+є себе+ за найлі+пшого скрипака+, та ма+йже ко+жда уважа+є себе+ за найлі+пшого мисли+теля - віртуо+за в ду+манню.;REL;1920.0;;;;;
Але+ що+би св. католи+цьку ві+ру зберегти+ ці+лою і непоро+чною, тре+ба ча+сом боро+тися зі споку+сами, так щоб їх покона+ти, а це є ла+ска, про я+ку+ тре+ба проси+ти.;REL;1940.0;;я+ку+;;;
То+бою ство+рені єства+ бу+дуть твої+ми ді+тьми, ти бу+деш їх ба+тьком.;REL;1920.0;;То+бо+ю;;;
я+ка+ то вели+ка ми+лость у Бо+га для нас!;REL;1830.0;;я+ка+, ве+ли+ка;;;
Але+ коли+ ті хи+бні поня+ття є несвідо+мі, се+бто коли+ є лише+ неясностями й не певностями, вони+ не стано+влять гріха+ неві+рства й мо+жуть залиша+тися в душі+ з ві+рою, ба на+віть і з живо+ю ві+рою, се+бто з чесно+тою любо+ви Бо+га [2,174].;REL;1940.0;неясностями, певностями;ко+ли+, ко+ли+, во+ни+, ду+ші+;;;
Він не запрода+вся у ридва+н всевла+дних та си+льних, не шука+в о+плесків, а йшов шля+хо+м терни+стим, мозо+льним, працюва+в над рі+дною мо+вою, над рі+дною шко+лою, показа+в, що скарби+ думо+к вели+ких люде+й За+ходу ма+ють пе+вний ґрунт на украї+нській землі+.;SPU;1910.0;;шля+хо+м, За+хо+ду, зе+млі+;TRUE;;
І лише+ так ми мо+жемо розв'яза+ти пита+ння культу+рного будівни+цтва.;SPU;1920.0;;;TRUE;;
Всі і+нші спо+соби в ні й на+віть не зга+дуються.;SPU;1940.0;;;TRUE;;
Се затя+мили вони+ - і не опусти+ли тіє+ї рідко+ї наго+ди, яку+ дава+ла їм ни+нішня вели+чна хви+ля відбудува+ння на+шої держа+ви і охоро+ни ві+льностей і прав на+шого трудя+щого лю+ду.;SPU;1910.0;;во+ни+, я+ку+, де+ржа+ви, охоро+ни+;TRUE;;
Це теж не схе+ми.;SPU;1930.0;;;TRUE;;
Брати+ на+ші - на чужині+,;SPU;1890.0;;Бра+ти+;TRUE;;
Такі+ завда+ння, що стоя+ть пе+ред па+ртією в спра+ві підне+сення украї+нської культу+ри, таки+й шлях, що по ньо+му йде на+ша па+ртія в свої+й боротьбі+ за будува+ння украї+нської культу+ри.;SPU;1920.0;ньому;пе+ре+д;TRUE;;
Стри+майте сльо+зи, що ко+тяться з ва+ших оче+й, як стри+мую я.;SPU;1910.0;;сльо+зи+;TRUE;;
І ось та комі+сія, про яку+ я за+раз говори+в, цілко+м пра+вильно сформулюва+ла цей при+нцип, яки+й є єди+но ві+рним і наді+йним керівни+цтвом в уся+кій дія+льності.;SPU;1940.0;;я+ку+, за+ра+з;TRUE;;
Господарюва+ти;SPU;1890.0;;;TRUE;;
А да+льше в ті+йже са+мій програ+мі ска+зано:;SPU;1950.0;тійже;са+мі+й;TRUE;;
І, допо+внюючи вра+ження, поя+снюючи глядаче+ві, грими+ть пі+сня:;SPU;1930.0;;;TRUE;;
Йо+го ні+жний па+росток му+сить пробива+тися кріз це+глу, цурпа+лки, обмина+ти склянки+, гвіздки+, що накида+ла зве+рху, навко+ло чия+сь воро+жа чи неоха+йна рука+ і тре+ба, щоб воно+ ма+ло надзвича+йну життьову+ ене+ргію, феномена+льну си+лу во+лі, щоб таки+ наре+шті поба+чити со+нце та зазелені+ти...;SPU;1910.0;;скля+нки+, наки+да+ла, во+лі+, та+ки+;;;
А тим ді+лом єсть: ро+зсвіт на га+личій землі+, ро+зсвіт на тім те+мнім уча+стку Ру+сі!;SPU;1840.0;;зе+млі+, те+мні+м;;;
Това+риші, в свойому ви+ступі тов. Шу+мський заяви+в, що допові+да+ч тов. Зато+нський зроби+в свою+ до+повідь не за те+зами.;SPU;1920.0;свойому;допові+да+ч;;;
Жо+втень 1946 р.;SPU;1940.0;;;;;
Пита+ння:;SPU;1940.0;;;;;
"З'їзд письме+нників літерату+рної організа+ції ""Західня Украї+на"", одно+ї з груп письме+нників, набува+є тепе+р нов.ого, бі+льшого ані+ж су+то літерату+рного зна+чення.";SPU;1930.0;Західня, нов.ого;;;;
Украї+но, Украї+но!;SPU;1860.0;;;;;
Між нами мо+жуть бу+ти+ розхо+дження хіба+ в думка+х що+до спо+собів прова+дження збро+йної і політи+чної боротьби+.;SPU;1940.0;нами;бу+ти+;;;
В яко+му на+прямку йдуть пропоно+вані нами і+нші змі+ни право+пису.;SPU;1940.0;нами;змі+ни+;;;
Ми цілко+м уявля+ємо собі+ всі тру+днощі заве+дення лі+тери ґ для вла+сних іме+н, зокре+ма+ - для іме+н географі+чних.13;SPU;1940.0;;зокре+ма+;;;
Роди+мці!;SPU;1840.0;;Ро+ди+мці;;;
Робо+чим го+ловам, рука+м,;SPU;1890.0;;;;;
Та іде+я, що тепе+р ви+хо+дить на поря+док дневний в цивілізо+ванім сві+ті, вигляда+є до нас з ко+ждої карти+ни на+шої істо+рії.;SPU;1890.0;дневний;ви+хо+дить;;;
Корню+шин.;SPU;1920.0;;;;;
О придиві+мся ще і ду+ші+ тій, гля+ньмо і на дно єстества єго, а зна+йдем там не єдноє золотоє зе+рно+, котороє лиш тилько впра+вної тре+бу+є ру+ки, аби+ розсвіти+ти я+сни+м клейнотом заранної звіздки.;SPU;1840.0;єстества, єго, єдноє, золотоє, котороє, тилько, клейнотом, заранної, звіздки;ду+ші+, зе+рно+, тре+бу+є, ру+ки+, я+сни+м;;;
Великодержа+вні забобо+ни, що зайшли+ в кров з молоко+м ма+тері, ста+ли інсти+нктом у багатьо+х і багатьо+х това+ришів.;SPU;1920.0;;ма+тері+, ста+ли+;;;
А дру+гому оставля+є;SPU;1860.0;;;;;
Це оди+н о+браз Глушака-невблага+нного, немилосе+рдного до ворогі+в радя+нської вла+ди, твердо+го тайговика+, як ске+ля, розу+много, досві+дченого.;SPU;1930.0;Глушака;о+бра+з;;;
Бо їх ли+хо на світ породи+ло,;SPU;1890.0;;;;;
Тут т.т. запи+тували - хто є украї+нець?;SPU;1920.0;;;;;
На це пита+ння, програ+ма ОУ+Н дає+ та+ку+ ві+дповідь:;SPU;1950.0;;та+ку+;;;
Зокре+ма+, ці делега+ції зіткну+лися з перешко+дою у ви+гляді пра+ви+л 18-го ро+зділу Стату+ту, в яко+му зазна+че+но, яки+м шля+хо+м мо+жна було+ б перегля+нути або+ зміни+ти Стату+т.;SPU;1940.0;;Зокре+ма+, пра+ви+л, зазна+че+но, шля+хо+м;;;
Над Вислоком і До+ном суть є+ї грани+ці, а Бе+ски+д і мо+ре єй сто+рожами.;SPU;1840.0;Вислоком;Бе+ски+д;;;
Ли+хо танцюва+ло,;SPU;1890.0;;;;;
Ми ба+чимо колоса+льні про+стори, вкри+ті ліса+ми, що хова+ють під собо+ю колоса+льні бага+тства надр Дале+кого Схо+ду.;SPU;1930.0;;лі+са+ми;;;
(Візьму+ оди+н при+кла+д.;SPU;1920.0;;при+кла+д;;;
Роди+мці!;SPU;1840.0;;Ро+ди+мці;;;
Про ці ді+ї час від ча+су дізна+ємо+ся з газе+тних повідо+млень, про ці ді+ї розповіда+є фільм;SPU;1930.0;;дізна+ємо+ся;;;
О+знаки ці є осно+вні+ ри+си суча+сної доби+.;SPU;1930.0;;О+зна+ки, осно+вні+, ри+си+, до+би+;;;
І до того+ над всім тяжі+ла важка+ рука+ у+ря+ду, неприхи+льного до ро+зво+ю й осві+ти.;SPU;1890.0;;то+го+, у+ря+ду, ро+зво+ю, осві+ти+;;;
Ті+льки спі+льними та узгі+дненими си+лами всіє+ї націона+льної спільно+ти забезпе+читься на+ро+дові свобо+ду, мир, зако+нність, пра+цю, добро+бут і справедли+вість.;SPU;1950.0;;на+ро+до+ві;;;
Ра+зом з тим ми пови+нні тве+рдо сказа+ти, що не бу+де прова+дитись нія+кої примусо+вої україніза+ції що+до росі+йської части+ни робітни+чої кляси і взагалі+ росія+н-робітникі+в і селя+н.;SPU;1920.0;кляси;;;;
Були+ в нас на Вкраї+ні вели+кі во+їни, були+ вели+кі прави+телі, а ти став ви+ще всіх їх, і сім'я+ рі+дна в тебе+ найбі+льша.;SPU;1860.0;;сі+м'я+;;;
Пролета+рська культу+ра пови+нна ста+ти закономі+рним ро+звитком тих запа+сів знання+, які+ лю+дство ви+робило під гні+том капіталісти+чного суспі+льства»2;SPU;1920.0;;;;;
У «Ві+снику» ІУНМ місти+тиме ро+зві+дки на лінгвісти+чні те+ми, окре+мі збі+рки народніх ма+те+-рія+лів, бібліографі+чні замі+тки та реце+нзії, інформува+тиме за пра+цю над науко+вою мо+вою в инших на+ро+дів Сою+зу й по-за ним, дава+тиме пора+ди в мо+вних спра+вах, місти+тиме грома+дську+ кри+тику своє+ї робо+ти.;SPU;1920.0;ІУНМ, народніх, инших, по-за;ро+зві+дки, ма+те+, на+ро+дів, грома+дську+, ро+бо+ти;;;
Украї+нські географі+чні прикметнико+ві на+зви міст, місте+чок, сіл, ста+нцій закі+нчуються на -е, -ське, -цьке, -ове, -еве, -ине, -ОВа, -ева, -ина (росі+йські: -о, -ськ, -цьк, -ово, -ево, -ино): Га+дяче, Лу+цьке, Рі+вне, Арте+мівське, Волочи+ське, Дніпропетрівське, Пинське, Слов'я+нське, Пече+рське, Здолбу+нове, Лозова+ і т. ін. (а не рос.: Га+дяч, Луцьк, Рі+вно, Артем'євськ, Волочи+ськ, Слов'я+нськ, Пинськ, Лозовая).;;;ове, -еве, ине, ОВа, ева, -ина, ово, ево, ино, Дніпропетрівське, Пинське, Артем'євськ, Лозовая;прикме+тнико+ві, на+зви+, Лозо+ва+;;;
Завда+ння 267.;;;;;;;
Рі+дна мо+ва;;;;;;;
Відмі+на прикме+тників.;;;;;;;
Повстає+ бага+то слів на те са+ме+ поня+ття, бага+то мо+вних дубле+тів і трипле+тів, плутани+на в спра+ві форм і ро+ді+в.;;;;са+ме+, ро+ді+в;;;
Тому+ теж, за оста+нніх 17 ро+кі+в так ду+же змі+нює свій ви+гляд на+ша мо+ва, розроста+ється, вигла+джується й вирі+внюється, рівноча+сно відкида+ючи вся+кий мо+вний бур'я+н.;;;;То+му+, ро+кі+в;;;
Крім цього+, ко+жний пое+т му+сить доскона+ло зна+ти на+шу собо+рну літерату+рну мо+ву й ті+льки не+ю писа+ти.;;;;;;;
Пода+м кі+лька при+кла+дів: 1.;;;;По+да+м, при+кла+дів;;;
В літерату+рній вимо+ві прийня+то вимовля+ти тут чи+сте -ий.;;;;;;;
Жда+ти кого-чого+, а не на кого.;;;кого, кого;;;;
11- ве+ресня на про+даж таки+х підприє+мств (як по+вністю, так і по частка+х:);;;;про+да+ж;;;
Коминя+р (д-р В. Бабі+й у Льво+ві) - так пи+шемо в літерату+рній мо+ві, а не комина+р.;;;;;;;
І хва+лить хай хтось і+нші мо+ви,;;;;;;;
"З цього+ теж при+во+ду громадя+нство в Украї+ні ста+вилося з не+хіттю до Куліша+, або+ до М. Стари+цького за те, що вони+, го+ловно при пере+кла+дах із чужи+х мов, ""кува+ли"" слова+.";;;;при+во+ду, Ста+ри+цького, во+ни+, пере+кла+дах, сло+ва+;;;
Хіба+ ж живу+ть вони+ 348.;;;;во+ни+;;;
З ро+сяних кві+тів польови+х,;;;;;;;
Закі+нчення -есенький визнача+є щось про+сто мале+, а закі+нчення -ісінький визнача+в найви+щий сту+пінь прикме+ти щось зо+всім мале+, або+ ду+же мале+: чорне+сенький - про+сто чорне+нький, чорні+сінький - ду+же, зо+всім чо+рний.;;;есенький, ісінький;;;;
Перепиші+ть ці фо+рми до зши+тка, дода+вши ще 10 при+кла+дів.;;;;при+кла+дів;;;
В мо+ві поети+чній мо+жуть бу+ти+ подві+йні я+кісні прикметнико+ві фо+рми - коро+ткі або+ по+вні - в таки+х відмі+нках: а) в назовному однини+ всіх трьох ро+ді+в, б) у знахі+дному однини+ жін. ро+ду і в) в назовному множи+ни+: пе+вний - пе+вен, пе+вна - певная, пе+вне - певнеє, пе+вну - певную, пе+вні - певнії.;;;назовному, назовному, певная, певнеє, певную, певнії;бу+ти+, прикме+тнико+ві, ро+ді+в, ро+ду+, множи+ни+;;;
Йо+го.;;;;;;;
Для цих діля+нок не могла+ ви+стачити чи+сто народня мо+ва, й тому+ в Галичині+ неологі+зми не нова+ річ, а ма+є за собо+ю тради+цію тим бі+льше, що й визначні+ письме+нники й уче+ні відігра+ли тут де+яку ро+лю+.;;;народня;то+му+, у+че+ні, ро+лю+;;;
То+рги+ відбу+дуться в поме+шканні Окрмісцьгоспу (ву+лиця К. Ма+ркса ч. 6);;;Окрмісцьгоспу;То+рги+;;;
Подві+йні фо+рми в украї+нській мо+ві (Адвока+т д-р Гр. Олі+йник).;;;;;;;
Ви+щий, переви+щувати (М. Олі+йник у Монтеннє, Бе+льгія).;;;Монтеннє;;;;
Житомірський Окрмісцьгосп признача+є ТО+РГИ+;;;Житомірський, Окрмісцьгосп;ТО+РГИ+;;;
"Напр.: ""Пое+зії"" М. Стари+цького";;;;Ста+ри+цького;;;
Є вжива+ється ті+льки в самості+йнім зна+ченні:;;;;;;;
з апо+стро+фом ма+є кло+піт ті+льки той, що мо+ви вчи+вся ма+ло (а хто її в нас учи+вся?), а літерату+рної вимо+ви не зна+є.;;;її;апо+стро+фом;;;
"Росі+йському ""упругий"" в на+шій мо+ві відповіда+в сло+во ""пру+жни+й"": пру+жна+ сталь, пру+жні+ м'я+зи, пру+жність мета+лів.";;;упругий;пру+жни+й, пру+жна+, пру+жні+;;;
Щоб порівня+ти неологі+зми га+лицькі з наддніпря+нськими, я ви+користав теж кі+лька тво+рів мисте+цької літерату+ри з Украї+ни, оди+н науко+вий твір і кі+лька пере+кла+дів, де є найбі+льш неологі+змів.;;;;пере+кла+дів;;;
Подві+йність де+яких форм ду+же ко+ри+сна для на+шої віршо+ваної мо+ви, даючи+ пое+тові змо+гу вільні+ше писа+ти.;;;;ко+ри+сна;;;
Яре+ма з Ле+йбою прокра+лись 110.;;;;;;;
Васи+лів - Васи+лева і т. ін., так са+мо в іме+нниках: Ка+нів - Ка+нева, Поча+їв - Поча+єва, Ки+їв;;;;Васи+лі+в, са+мо+, Ки+ї+в;;;
І хай вихва+лює сало+нні...;;;;;;;
В чужи+х слова+х пи+шемо -ія- (М. Колодрубець).;;;ія-, Колодрубець;;;;
Є заступа+є й суть:;;;;;;;
Ду+мав, що Яри+на сестра+ тобі+ 196.;;;;Яри+на+;;;
"У ""Мойсе+ї"" Франка+: Най Єго+ва собі+ там грими+ть на скали+стім Синаю, - нам Ваа+л дасть бага+тства і власть у вели+кому краю+ 24.";;;Синаю;Фра+нка+, кра+ю+;;;
Запла+кала Милосе+рда нена+че за си+ном 329.;;;;;;;
За при по+рівня+нні:;;;;по+рівня+нні;;;
"Акаде+мія Нау+к свого+ ча+су постанови+ла писа+ти в чужи+х слова+х не етимологі+чне іа, але+ зукраїнізо+ване фонети+чне І+Я, напр.: матеріял, спеціяльний, імперіялізм, христия+н і т. ін. ; так пи+ше й ""Рі+дна Мо+ва"".";;;іа, матеріял, спеціяльний, імперіялізм;;;;
Давно+ мину+в той вік дитя+чий...;;;;;;;
Впли+нули на це два чи+нники: ро+зві+й часо+писів і журна+лів та ро+звиток украї+нського шкільни+цтва, а да+лі ро+звиток украї+нської науко+вої літерату+ри.;;;;ро+зві+й;;;
РВК на ім'я+ Зайчука+ Е. М 5822;;;;;;;
В Украї+ні аж до 1905 р. не було+ зо+всім укр. пре+си, а до 1917 р. не було+ рі+дного шкільни+цтва, ані+ ши+ршої науко+вої діяльности.;;;діяльности;;;;
Літерату+рні на+голоси (Вол. Лах у Port Arthur).;;;;на+голоси+;;;
Забу+в Катери+ну 28.;;;;;;;
Зляка+тися, а не напу+дитися.;;;;;;;
Чле+нську кни+жку спі+дки Цукровикі+в ч. 6988, посві+дчення, видан.;;;видан;;;;
Зачи+нених двере+й 485.;;;;;;;